CHOQUET[A;-0.5;AO2;0.0]_N_isa,TS[3]_Q1_T_eps,CHOQUET[A;-0.75;AO1;1.0]_F_khh,TS[3]_CHOQUET[A;-0.75;AO2;0.0]_N_scm,TS[2]_Q1_T_eps,SIC_F_hwhh,MIC_GOWAWA[0.0;1;NONE;0.0;0.0;0;S-OWA;0.0;1.0]_N_hwhh,GV[3]_P2_T_eps,GV[2]_CHOQUET[A;-0.75;AO1;0.3]_H_pah,TS[2]_SIC_T_cch,GV[1]_HM_H_pah,AC[2]_SIC_T_scv,AC[2]_CHOQUET[A;-0.25;AO1;0.8]_H_pah,TS[2]_CHOQUET[A;-0.25;AO2;1.0]_T_khh,TS[3]_AM_F_z1,GV[4]_CHOQUET[A;-0.75;AO1;0.9]_H_pah,TS[3]_HM_U_khh,AC[3]_HM_T_pie,TS[3]_GOWAWA[0.0;1;NONE;0.0;0.0;2;W-OWA;0.5;0.6]_N_gcp1,SIC_T_ptt,Class
0.0,-917.51,0.7659750139491839,0.0,-928.52,0.0570388271833727,0.0,65939.37968723394,0.7901394274925492,0.1951124282160518,1.6443255418097813,0.8699027150303126,1.6038331206614336,2.013243819527382,0.5199999999999999,0.4070784424613556,0.8973607038123167,41.220492591477566,0.0,0.7667799542445681,APP
0.0,-863.585,0.68,0.0,-868.5500000000001,0.0,0.0,59085.28206819702,0.6826500000000001,0.1554025801888124,0.0,0.7821952376742991,1.3653000000000002,2.005030095147154,0.343076923076923,0.308025,0.7946223639543876,41.34063548312478,0.0,0.71875,APP
1.5929664634146343,-908.46,0.9665549784983108,9.083363258893502,-928.02,0.1875384468230543,0.1336499912828769,66740.26823374571,0.7900785932935959,0.2063227156670318,1.681081872642057,0.7307059131405327,1.6123731448877958,2.046227886974992,1.177894736842105,0.3965705361279623,1.010690831997518,39.113049459426335,0.0,0.6286822389876745,APP
1.6372883597883598,-956.68,0.7813619044728692,10.817272727272726,-960.805,0.1230765749929451,0.2719539230041145,69013.15257401852,0.8117293501957086,0.1502570252016579,1.633523749148874,0.862902454084006,1.6527504046799133,2.146593070452029,0.218,0.397736388369245,1.1328837762792543,37.51753268177588,9.275,0.6823699741976087,APP
1.167638146167558,-908.46,0.9396178797057844,7.132890389141132,-913.3575,0.1374024704621596,0.0823179682356135,64020.75579010337,0.8006982255892593,0.1774613765706558,1.6283966972994242,0.85,1.6349904412131229,2.125297444777607,0.7938709677419354,0.3847548342280984,0.89215022663904,42.69133279057621,0.0,0.6950121530681121,APP
0.8879411764705882,-893.29,0.6816870415647918,5.94696555494806,-873.96,0.0,0.1496312600367746,61430.2510558343,0.6654478665009493,0.1856724144789733,1.4016508337622635,0.8905639062229567,1.3826150054628774,2.1661041620460963,0.6080645161290323,0.3575865578604479,0.7667343197499336,40.29128431360507,9.275,0.6434863575438808,APP
0.0,-895.24,0.9524932249322492,0.0,-895.24,0.0956953575815263,0.0,64610.64999024544,0.7846202291485315,0.1139916577203577,1.608029755936282,0.8483188130311928,1.5923079609422512,1.9479060562834656,0.3904166666666666,0.3886649511539406,1.0292645766188104,47.76449072171356,0.0,0.6326488665627631,APP
1.134042016806723,-900.5575,0.9396178797057844,6.904351494696239,-920.065,0.1333788194567054,0.0800381034387123,64360.74818701249,0.799402278523861,0.1845259702891865,1.6283966972994244,0.8536357365970748,1.6306359089421958,2.102132898116042,0.83875,0.3847548342280984,0.9651448556506542,43.41252016045215,0.0,0.6809121702311908,APP
4.507534722222222,-882.96,0.8155932203389827,32.44444444444444,-904.075,0.074232373254497,0.2819989506325508,60535.87356612173,0.7992,0.2240095581336392,1.7452464821019222,0.8007048827786958,1.5984,2.345210003002035,0.856,0.5184,0.8938444001139926,31.919381523461738,0.0,0.6854507712799176,APP
0.0,-849.53,0.69,0.0,-868.49,0.0,0.0,58748.45727481408,0.0,0.0,0.0,0.7896900821428475,0.0,2.436703276594669,-1.0675,0.0,1.0,55.71130455789041,0.0,0.4846856983727908,APP
0.0,-886.1924999999999,0.68,0.0,-895.24,0.0,0.0,60685.55252427672,0.8233573347702713,0.1272987436507672,1.5552827584402047,0.7040082637566002,1.6667677901374185,2.2421662715124038,0.343076923076923,0.3727889137964425,0.7763938315539738,51.857999129072354,0.0,0.6084561884790418,APP
0.73524893314367,-893.94,0.8427916249249221,6.9171875,-897.2149999999999,0.0566837571893394,0.2235751322865045,64818.85192073875,0.8102174520957022,0.1825174699896293,1.598609690608409,0.8562471758686627,1.639039710192463,2.05312495321878,0.8848571428571429,0.4019250937497084,0.8075618031992244,38.09246043884748,0.0,0.6571050379690802,APP
0.0,-882.96,0.8335462087594058,0.0,-897.1800000000001,0.2652949955741216,0.0,62501.37982271222,0.0,0.0,0.0,0.7185463540765221,0.0,2.6092695508880426,1.0514285714285714,0.0,1.0,60.55521030548111,0.0,0.4471726222832957,APP
1.5801416256157634,-928.27,0.8585675573800361,10.376254180602007,-928.81,0.1621387984467856,0.2660676548363843,68078.49620113635,0.8094466916920512,0.1999954884363276,1.6083044085441012,0.8947689010581996,1.627076251270216,1.994058272363388,0.9857692307692308,0.4157450120473274,0.9891936824605152,38.56653929405498,0.0,0.7134858542157324,APP
1.2306666666666668,-883.0925,1.0129464285714285,14.25,-887.93,0.0904451574401931,0.2604593730405679,61131.17599283394,0.0,0.2106100616830449,0.0,0.8595824360039366,0.0,2.258063176557461,0.6908333333333333,0.0,0.864406779661017,41.75061242353741,0.0,0.8018946236940709,APP
0.0,-895.24,0.0,0.0,-896.54,0.0,0.0,66787.7473,0.7835768473235019,0.0,1.5990000000000002,0.3868528072345416,1.5968980743873438,2.082566844919786,0.0,0.3946356378129922,0.0,58.2452,0.0,0.3333333333333333,APP
0.0,-895.24,0.0,0.0,-896.54,0.0,0.0,66787.7473,0.7880476655113863,0.0,1.599,0.5,1.5990156658094428,2.087379679144385,0.0,0.401464370161693,0.0,58.2452,0.0,0.3868528072345416,APP
0.0,-895.99,0.0,0.0,-895.24,0.0,0.0,62849.45412633363,0.7813662321091085,0.0,1.563410174880763,0.6494834702380792,1.5792319061953322,1.7599997333351522,0.0,0.3920582381319812,0.0,49.7168493727602,0.0,0.5699627784245295,APP
0.0,-895.24,0.0,0.0,-896.54,0.0,0.0,66787.7473,0.7810212233906667,0.0,1.599,0.4181656600790516,1.5815019142389672,2.1187244897959188,0.0,0.3939792978295618,0.0,58.2452,0.0,0.3509453429964405,APP
0.0,-895.24,0.0,0.0,-896.54,0.0,0.0,66787.7473,0.7866237433246893,0.0,1.599,0.579380164285695,1.5754685367945394,2.1405357142857144,0.0,0.378225,0.0,58.2452,0.0,0.4181656600790516,APP
0.0,-932.64,1.0,0.0,-948.7,0.2514629985800606,0.0,67938.90062065597,0.0,0.0,0.0,1.0,0.0,1.7711849179082313,0.6533333333333333,0.0,0.7956371986222732,33.10131849727406,0.0,1.0,APP
0.0,-872.6600000000001,0.0,0.0,-867.34,0.0,0.0,61319.12644416701,0.6498627169780637,0.0,1.317811304347826,1.0,1.3014331707401268,2.2540870447975703,0.0,0.341325,0.7333333333333334,43.671154218647416,0.0,0.5644754678724236,APP
0.0,-895.24,0.0,0.0,-895.24,0.0,0.0,62762.73252248171,0.7906350135685335,0.0,1.595106167119941,0.5616209969916135,1.5970834479389588,1.710818626267186,0.0,0.3885823462057375,0.0,48.52891262102467,0.0,0.4148683683592504,APP
4.947525083612041,-926.51,0.8159806538649215,30.242857142857147,-913.41,0.1057289385667375,0.2911627871182536,65688.93772013493,0.8198568276047842,0.2873391704353198,1.6763856404717152,1.0,1.666483738828642,2.0533705537651765,0.493,0.4217012947350855,1.253731343283582,33.75023562256487,0.0,0.7034726100551884,APP
0.0,-888.825,0.9524932249322492,0.0,-900.27,0.3111829864372246,0.0,60670.75375204266,0.7869,0.3509453429964405,1.6244785714285714,0.8982265179691366,1.5738,1.784277552332482,1.235,0.4065573288732494,0.9080118694362018,37.43832909776355,0.0,0.8333333333333334,APP
1.739578713968958,-897.02,1.0378120952301189,15.721311475409836,-897.02,0.1288585064150564,0.3919730615340192,60378.31232185463,0.7744868509049989,0.2246568136113271,1.5725759527626546,0.5686622764588594,1.5738823099455388,1.8749366924106428,1.1926315789473685,0.37780261783563,0.608130081300813,31.954090149117487,9.895783761368852,0.4618761064972193,APP
0.0,-918.71,0.68,0.0,-895.845,0.0,0.0,61494.29491357017,0.6160500000000001,0.5,1.6317000000000002,1.0,1.2321000000000002,1.4196290866090364,0.7433333333333333,0.0,0.8371538008249853,30.392116648768454,0.0,0.8710490642551528,APP
0.0,-932.64,0.68,0.0,-899.3275,0.0,0.0,65499.03762210256,0.6160500000000001,0.5,0.0,0.75,1.2321000000000002,1.4137903225806452,0.7433333333333333,0.0,0.8371538008249853,31.88069719759322,0.0,0.7420981285103055,APP
1.538333333333333,-882.75,0.945893048128342,14.777777777777777,-903.4825,0.1154312911837682,0.2987468750600963,64022.95637850129,0.8320500000000001,0.3010299956639812,1.677,0.9397940008672038,1.6641,1.995417706994571,1.0122222222222224,0.41925,0.68,33.51766097668472,0.0,0.7675475452907251,APP
6.038,-858.46,0.69,73.0,-901.71,0.0,0.4643856189774724,58627.56319796133,0.7442,0.579380164285695,1.667036496350365,1.0,1.4884,1.968030521922583,0.0,0.4679999999999999,0.0,31.77174,0.0,0.8277293767706427,APP
1.7690833333333336,-882.1700000000001,1.0139011873494632,16.41681574239714,-908.7125,0.1358911107998992,0.375,60026.202524275504,0.769724660217885,0.2587697118349568,1.5725759527626546,0.6715046954648325,1.56512536693432,1.85236478488982,1.1830769230769231,0.37312041384911,0.608130081300813,32.47890051321893,0.0,0.5389097655573916,APP
4.175476190476191,-1010.455,1.170678582204278,79.8,-991.28,0.6946795539074095,0.3467334479787441,74755.61433676298,0.0,0.3109175070825711,0.0,1.0,0.0,2.211134348795938,4.83,0.0,1.4117647058823528,15.323003012806636,0.0,0.796453035938273,APP
1.2306666666666668,-928.77,1.0005380977103355,11.083333333333332,-921.035,0.2317923267972161,0.2604593730405679,66503.3652505194,0.8417537644957873,0.2106100616830449,1.6767968750000002,0.9168497986377476,1.6835200772559933,1.764919875001632,1.165,0.41275,0.9184123484013232,33.85572419338084,0.0,0.8293613167934564,APP
0.0,-886.8125,0.69,0.0,-897.54,0.0,0.0,62733.54180595112,0.0,0.0,0.0,0.8982265179691366,0.0,1.4326783516924642,-0.61,0.0,1.0,36.35018471488245,0.0,0.7896900821428475,APP
0.0,-874.4725000000001,0.69,0.0,-883.5699999999999,0.0,0.0,57726.44224133602,0.0,0.0,0.0,0.7580392711198944,0.0,1.1378356636122682,-0.61,0.0,0.0,35.115922829097386,0.0,0.693126721428565,APP
0.0,-882.34,0.69,0.0,-883.5699999999999,0.0,0.0,61116.29287734757,0.0,0.0,0.0,1.0,0.0,1.2334658365590851,-0.4066666666666667,0.0,0.0,35.74936145503047,0.0,0.7896900821428475,APP
0.0,-886.8125,0.69,0.0,-897.54,0.0,0.0,61209.121899636615,0.0,0.0,0.0,0.796453035938273,0.0,1.1776713134700438,-0.61,0.0,0.0,36.15402378091808,0.0,0.7195867761904633,APP
0.0,-888.78,1.0138095238095235,0.0,-893.5275,0.1411817415046077,0.0,57922.40070376975,0.0,0.2704260414863776,1.599,1.0,0.0,1.785767907042178,0.1114285714285714,0.0,1.1220534311157673,36.01671283002977,0.0,0.9397940008672038,APP
0.0,-886.8125,0.69,0.0,-897.54,0.0,0.0,64004.207634932216,0.0,0.0,0.0,0.8982265179691366,0.0,1.4612142039813398,-0.61,0.41925,1.0,36.95365978778176,0.0,0.7896900821428475,APP
0.0,-888.78,1.0138095238095235,0.0,-901.9875,0.1411817415046077,0.0,58861.022644148594,0.0,0.2704260414863776,1.599,1.0,0.0,1.7335688071722322,0.1114285714285714,0.0,1.1220534311157673,34.43376800300121,0.0,0.8568636235841012,APP
0.0,-886.8125,0.69,0.0,-897.54,0.0,0.0,60969.760062665,0.0,0.0,0.0,0.8982265179691366,0.0,1.2542182266648518,-0.61,0.0,0.0,36.62357152204857,0.0,0.7896900821428475,APP
0.0,-886.8125,0.69,0.0,-897.54,0.0,0.0,61507.3100668662,0.0,0.0,0.0,0.8982265179691366,0.0,1.2230003753882028,-0.4066666666666667,0.0,0.0,35.71965377798339,0.0,0.7896900821428475,APP
1.0410344827586206,-906.42,0.7832081649052208,7.1051805337519625,-905.23,0.1183265527298116,0.1675165860388817,63984.55574612848,0.7009372715984733,0.2101017680073257,0.0,0.8480333637566102,1.4644731789316503,1.7497836482292968,1.0596153846153848,0.308025,0.9376473797670214,31.36496709403865,0.0,0.669018235822812,APP
1.0410344827586206,-910.255,0.7927476183202696,7.1051805337519625,-905.23,0.1183265527298116,0.1675165860388817,64747.78597265528,0.7009372715984733,0.2101017680073257,0.0,0.8442148756613685,1.4644731789316503,1.7661859754467149,1.1534615384615388,0.3346864140054901,1.0061196184492882,31.143491043195496,0.0,0.6629510567925151,APP
1.0410344827586206,-909.06,0.7832081649052208,7.1051805337519625,-905.23,0.1183265527298116,0.1675165860388817,64604.500204941,0.7108019803615129,0.2101017680073257,1.4319000000000002,0.8539133759259209,1.4811865916638909,1.7699663803671135,1.0596153846153848,0.3346864140054901,1.0061196184492882,31.33009653119575,0.0,0.6629510567925151,APP
1.0063333333333333,-905.54,0.7910658109621065,6.838779956427016,-905.3875,0.1654505037162852,0.1635630198536173,65196.07321742006,0.7108019803615129,0.2080145976765094,0.0,0.8458100152291518,1.4811865916638909,1.7568031325806526,1.3107407407407408,0.308025,1.0631434772321506,30.97139333644061,0.0,0.6587191693079568,APP
1.0410344827586206,-909.06,0.7832081649052208,7.1051805337519625,-905.23,0.1183265527298116,0.1675165860388817,64605.80220054837,0.7108019803615129,0.2101017680073257,1.4319000000000002,0.8383348634920578,1.4811865916638909,1.7707538673893557,1.0596153846153848,0.3346864140054901,1.0061196184492882,31.321179566663783,0.0,0.6629510567925151,APP
0.0,-905.54,0.7832081649052208,0.0,-904.23,0.1183265527298116,0.0,64088.20931305449,0.6670007664582278,0.2084331247347667,0.0,0.8227563510581947,1.3640984002998175,1.7103480421439237,1.0596153846153848,0.308025,1.0061196184492882,33.24336046004238,0.0,0.6433964062371638,APP
1.0410344827586206,-906.42,0.7832081649052208,7.1051805337519625,-905.23,0.1183265527298116,0.1675165860388817,63973.28270459914,0.7108019803615129,0.2101017680073257,1.4319000000000002,0.8636118761904733,1.4811865916638909,1.7314120978546153,1.0596153846153848,0.3346864140054901,0.9828486475914116,31.360503032324317,0.0,0.669018235822812,APP
1.0410344827586206,-909.06,0.7832081649052208,7.1051805337519625,-905.23,0.1183265527298116,0.1675165860388817,64605.53867978616,0.7276157511802351,0.2101017680073257,1.4319000000000002,0.8383348634920578,1.5296372667574722,1.7523530595277383,1.0596153846153848,0.308025,1.0061196184492882,31.329976430033835,0.0,0.6629510567925151,APP
1.0410344827586206,-909.06,0.7932895001639281,7.1051805337519625,-917.03,0.1183265527298116,0.1675165860388817,64757.157893217016,0.7108019803615129,0.2084331247347667,1.4319000000000002,0.8539133759259209,1.4811865916638909,1.771199885747856,0.8880769230769233,0.3346864140054901,0.9517229430302272,31.32593727799682,0.0,0.669018235822812,APP
1.0410344827586206,-909.06,0.7700594244955257,7.1051805337519625,-905.23,0.0887234366309121,0.1675165860388817,64435.00585815912,0.7108019803615129,0.2101017680073257,0.0,0.8383348634920578,1.4811865916638909,1.7305018966932446,0.9357692307692312,0.308025,0.9540853427960132,31.44770646478933,0.0,0.6575927395102972,APP
1.0410344827586206,-906.42,0.7832081649052208,7.1051805337519625,-905.23,0.1183265527298116,0.1675165860388817,64070.54476199431,0.7108019803615129,0.2101017680073257,1.6172047058823529,0.8636118761904733,1.4811865916638909,1.7513240950329318,1.0596153846153848,0.308025,0.9219974058931744,31.36453863094244,0.0,0.669018235822812,APP
1.0410344827586206,-905.54,0.7832081649052208,7.1051805337519625,-909.06,0.1183265527298116,0.1675165860388817,64712.60625692134,0.711198498181846,0.2050772104486568,1.5984,0.8694918883597841,1.4342497396885634,1.8059792427948669,1.1834615384615388,0.0,1.0097054417497904,31.82956770080787,0.0,0.6433964062371638,APP
1.0410344827586206,-909.06,0.7700594244955257,7.1051805337519625,-905.23,0.0887234366309121,0.1675165860388817,64264.567461196886,0.7108019803615129,0.2084331247347667,1.4319000000000002,0.8383348634920578,1.4811865916638909,1.7127774644822882,0.8119230769230771,0.3346864140054901,0.9297643268023787,31.5447072854797,0.0,0.6575927395102972,APP
1.0410344827586206,-909.06,0.7932895001639281,7.1051805337519625,-909.06,0.1183265527298116,0.1675165860388817,64742.90133471681,0.7108019803615129,0.2084331247347667,1.6172047058823529,0.8636118761904733,1.4811865916638909,1.7641455427787711,0.8880769230769233,0.3713034452786876,0.982375718201296,31.324653057223987,0.0,0.669018235822812,APP
1.0410344827586206,-909.06,0.7927476183202696,7.1051805337519625,-905.23,0.1183265527298116,0.1675165860388817,64670.59090152632,0.7009372715984733,0.2101017680073257,1.677,0.8442148756613685,1.4644731789316503,1.7606432480993093,1.1065384615384617,0.400495835487681,1.0061196184492882,31.233834736652224,0.0,0.6629510567925151,APP
1.0410344827586206,-910.255,0.7932895001639281,7.1051805337519625,-909.06,0.1183265527298116,0.1675165860388817,64762.903921740086,0.7009372715984733,0.2084331247347667,0.0,0.8636118761904733,1.4644731789316503,1.7647273920685442,0.8880769230769233,0.400495835487681,0.94885956993706,31.325327797232003,0.0,0.669018235822812,APP
1.0410344827586206,-909.06,0.7932895001639281,7.1051805337519625,-905.23,0.1183265527298116,0.1675165860388817,64757.157893217016,0.7009372715984733,0.2084331247347667,0.0,0.8539133759259209,1.4644731789316503,1.7579115484592358,0.8880769230769233,0.308025,0.9517229430302272,31.32593727799681,0.0,0.669018235822812,APP
1.0410344827586206,-909.06,0.7832081649052208,7.1051805337519625,-905.23,0.1183265527298116,0.1675165860388817,64535.75543726912,0.7108019803615129,0.2101017680073257,0.0,0.8227563510581947,1.4811865916638909,1.7548447764862445,1.0596153846153848,0.308025,1.0061196184492882,31.316077509118884,0.0,0.6433964062371638,APP
0.0,-979.96,0.68,0.0,-980.96,0.0,0.0,68961.60672278168,0.0,0.579380164285695,0.0,1.0,0.0,1.8093952254641907,1.115,0.0,0.8654545454545456,44.282580758629,0.0,1.0,APP
0.0,-895.24,0.68,0.0,-895.24,0.0,0.0,64388.40316419333,0.789535949151304,0.1673807011751318,1.5980206002575033,0.7170889135206804,1.5958470911233404,1.669553183142069,0.3716666666666666,0.3886736436742735,0.68,45.40836076568094,0.0,0.6312559404875273,APP
0.0,-896.54,0.0,0.0,-896.54,0.0,0.0,64349.11570681782,0.7901818654618629,0.0,1.6629600000000004,0.5785580060704263,1.6167346185269993,1.795290055146277,0.0,0.4049895634362259,0.0,42.99036462498108,0.0,0.4070190181162901,APP
0.0,-895.24,0.7852631578947362,0.0,-882.41,0.0598204010323053,0.0,64572.494331325695,0.8024237329613725,0.1877120828129548,1.6555061627287992,0.7325335478612783,1.6169251184490936,1.6628025750969044,0.7931578947368422,0.4092660914887814,0.8925000000000001,42.15368758844999,0.0,0.5845894623162633,APP
0.0,-893.94,0.68,0.0,-893.94,0.0,0.0,61818.20555621642,0.75645,0.2903383460115347,1.54055091383812,0.796490490941855,1.5129,1.7606334280253524,0.8109090909090909,0.378225,0.68,49.962975816499,0.0,0.633983333316662,APP
0.0,-895.24,0.0,0.0,-895.24,0.0,0.0,63045.70379295848,0.7796738377157447,0.0,1.5692313829787232,0.7364516253185087,1.5749358604379986,1.7073961507110509,0.0,0.378225,0.0,47.32905606813078,0.0,0.5731120392262113,APP
0.0,-929.18,0.8734319526627219,0.0,-904.34,0.1154312911837682,0.0,65386.72752574989,0.7796738377157447,0.0,1.62822454308094,0.796657624451305,1.5749358604379986,1.7066835235505768,0.3,0.411408264723836,1.2294145644930987,43.32883101105125,0.0,0.703509509058145,APP
0.0,-852.48,0.6850324413923751,0.0,-864.9750000000001,0.0,0.0,57404.66643882928,0.0,0.1813191690338727,0.0,1.0,0.0,2.0132290238474595,0.0727272727272727,0.0,0.68,44.87180687825471,0.0,0.7373504649628064,APP
0.0,-893.94,0.0,0.0,-881.605,0.0,0.0,61437.17279530216,0.7789874722282629,0.0,1.6143770929434889,0.8894714728255649,1.5832174641282353,1.984598824837232,0.0,0.4018307425936481,0.0,52.01536772559777,0.0,0.633983333316662,APP
2.515833333333333,-912.025,1.0,16.22222222222222,-904.1325,0.1154312911837682,0.2987468750600963,67933.5029851509,0.8348495433102597,0.1411817415046077,1.6269372288690886,0.4084313719900203,1.6739059205401423,1.7271309135331792,0.2177777777777777,0.4018315037459574,1.0,45.58335997173517,0.0,0.65701901811629,APP
1.312608695652174,-895.99,0.8875651508912289,9.272972972972974,-896.24,0.1134471426991564,0.1966766067850875,61750.04369175024,0.9343939218765228,0.2090686409165616,1.5610868066010115,0.8617186471562279,1.886830064169803,1.622166467357901,0.8030000000000002,0.4022501452317419,0.8031496062992125,36.2070315768821,0.0,0.7465970763294814,APP
0.0,-895.24,0.0,0.0,-895.49,0.0,0.0,63472.37308592317,0.7796738377157447,0.0,1.5692313829787232,0.5903089986991944,1.5749358604379986,1.7006643444651646,0.0,0.378225,0.0,47.45055610763862,0.0,0.6196025301680663,APP
0.0,-968.88,0.0,0.0,-962.06,0.0,0.0,70622.19133602487,0.6613466929139153,0.0,1.5621,1.0,1.3256783924358024,1.9530026498554836,0.0,0.352425,0.9878919593338624,37.62347952570376,0.0,0.7897710354051725,APP
0.0,-893.94,0.6850324413923751,0.0,-879.5374999999999,0.0,0.0,59474.72452204529,0.75645,0.1813191690338727,1.5129,1.0,1.5129,1.692221767688568,0.0727272727272727,0.0,0.68,45.04703132660696,0.0,0.7373504649628064,APP
0.0,-895.24,0.69,0.0,-881.9300000000001,0.0,0.0,62612.78242175933,0.7979410108778491,0.0,1.600406802764984,0.5841952661555959,1.6038706354179046,1.667735672465037,-0.1109090909090909,0.3880165324496053,0.0,47.106486923589216,0.0,0.4731855857776068,APP
0.0,-894.2650000000001,0.69,0.0,-895.24,0.0,0.0,62651.25840649252,0.7980200349183187,0.0,1.6010737400826862,0.6116337528287964,1.6071397020729918,1.6560562573526978,-0.1109090909090909,0.3906094439858614,0.0,47.17201659933986,0.0,0.4731855857776068,APP
2.515833333333333,-912.025,1.0,16.22222222222222,-904.1325,0.1154312911837682,0.2987468750600963,66869.07693198025,0.8456419103961823,0.1411817415046077,1.676468887770731,0.5903089986991944,1.708048073535288,1.5986258935614022,0.2177777777777777,0.4240350336835041,1.0,36.51402889920594,0.0,0.7324524547092749,APP
1.312608695652174,-894.915,0.8875651508912289,9.272972972972974,-896.89,0.1134471426991564,0.1966766067850875,61656.01838379324,0.9343939218765228,0.1965068745010203,1.5610868066010115,0.8617186471562279,1.886830064169803,1.6176538547133243,0.5935,0.4022501452317419,0.8006279434850865,36.30765585677416,0.0,0.7465970763294814,APP
0.9956259729853482,-917.03,0.8368523226238501,8.02891704851304,-921.31,0.1457093597285901,0.2475303269555972,66660.84881817903,0.7760993814549074,0.1660484228669378,1.5591821566247672,0.9143193046573688,1.6364892867147145,2.0281368371297663,1.051451612903226,0.373762666770281,1.0011759106297955,32.669626936309314,9.915392296577226,0.6599609974697673,APP
1.234843864355327,-918.58,0.867861563279168,7.893032893032894,-917.03,0.1146886283227378,0.3052773526640635,66076.24945271885,0.7680588922891461,0.1715344048947972,1.5847208403454465,0.8970193804384986,1.6090723571328505,1.928576907659888,1.1084615384615384,0.3695727179397641,0.9404296651566384,31.620682169854724,0.0,0.6296146738603117,APP
0.9336091954022988,-928.02,0.8020943836398556,9.082175925925926,-905.2125,0.1841649179907002,0.2604593730405679,65907.4180894876,0.806492611763455,0.1795416778167077,1.651,0.9052427574224402,1.629551526271969,1.8179662585469836,0.518888888888889,0.4031973776027082,0.9678024326249448,33.08529737195407,0.0,0.6516177165158882,APP
0.3356363636363636,-899.175,0.7852152255686158,3.2161081492764665,-892.795,0.1096124712061488,0.1051156311549938,64048.75629951307,0.7091218497447602,0.2164333242715307,1.4134317750539729,0.9200715469935604,1.4803433808602846,1.9873062002072384,1.2051923076923077,0.3602364937186125,0.9323473520990836,36.96015275617833,0.0,0.6486426598933994,APP
1.2027771810478578,-917.03,0.8071666766385731,8.128675886137126,-930.01,0.0897197911917778,0.2719539230041145,66336.96442293335,0.7952084792770054,0.1621751574406911,1.679234587251927,0.8726117065268,1.645164088897106,2.0182897540572693,0.8074736842105261,0.3996717421180576,1.0288188818542592,34.54102515254284,5.5930355252602375,0.6090932395667404,APP
1.047975084081129,-914.05,0.863504573315778,7.243339815264949,-928.855,0.1399329135398515,0.2695647200434732,65642.47394103285,0.6988270205718544,0.1755805455437102,1.5134524939409482,0.897934150273552,1.4932022663298068,1.845193321721868,1.3347058823529407,0.3714635886304511,0.8701612055298984,30.283130749730223,0.0,0.6314382338270718,APP
1.719825,-926.3475,0.8535367400662838,10.907738095238098,-923.91,0.1126414751599437,0.3444073269862273,66920.73906317656,0.7717525175300928,0.2019994110135682,1.5933213044942909,0.907549468777694,1.681089007915188,1.9911473874316936,1.1618055555555555,0.3850339438977115,0.9508307421662896,31.958655535929857,8.929460370033567,0.6497507963696928,APP
2.576685598647928,-949.675,1.001548152773378,18.426937132111085,-941.74,0.1884760352731719,0.2289655298113498,69074.9589395513,0.8413771099453703,0.2021113179520286,1.752939158605207,0.8720809563746396,1.735383914239875,2.2350443091589614,0.8318918918918919,0.4218210470414598,1.119634106501143,30.01906808910765,8.295812258332838,0.6757022961942212,APP
1.757780663780664,-943.79,0.8577857026681204,10.785417011095248,-930.34,0.1001548069267937,0.1550767972371665,68433.95496321362,0.7585722726949952,0.170194769548905,1.617043622047455,0.8407620501931505,1.6277394237761762,2.011206841552402,0.6223880597014927,0.3770164219883788,0.9430582543601792,32.46589013043231,0.0,0.6333003516482889,APP
0.3356363636363636,-905.2125,0.7852152255686158,3.2161081492764665,-900.84,0.1096124712061488,0.1051156311549938,64318.39650989885,0.7091218497447602,0.2164333242715307,1.3917208563990264,0.9200715469935604,1.4803433808602846,1.9949172321435795,1.2051923076923077,0.3493343762468668,0.9548879618594456,36.92663263372125,0.0,0.6423528529681239,APP
1.0410344827586206,-909.06,0.7830364322977397,7.1051805337519625,-905.23,0.1183265527298116,0.1675165860388817,65259.28027145737,0.6921058525151568,0.1999954884363276,1.41119243697479,0.9065289253968212,1.4447043766506722,1.7386741867190536,0.7911538461538463,0.3776426510142388,1.088372208753099,32.803016650409454,0.0,0.6892817481262422,APP
0.9738709677419356,-905.44,0.8233537144695582,6.591644204851752,-909.235,0.1684726265023187,0.1598127842060282,65159.12560061745,0.6899617392284905,0.174918579983243,1.3653000000000002,0.8722330005417993,1.439835655772151,1.696204440341845,1.0389285714285716,0.3688209958300832,0.917621517574016,33.16610218688896,0.0,0.6833626554761678,APP
1.312608695652174,-883.16,0.8245945945945953,9.272972972972974,-914.36,0.1499718800201654,0.1966766067850875,62158.535338725786,0.8615696973560965,0.2734115419986616,1.5674122672326016,0.9267672896410716,1.742355883190371,1.6937068237452384,1.124,0.3998555957952319,0.7900852052672346,36.99027955403504,0.0,0.7693237605660831,APP
1.3722727272727273,-883.5699999999999,0.8245945945945953,9.769924812030077,-909.44,0.1569388022684354,0.2027014372107862,62148.609738929656,0.7921837675901273,0.299741646736509,1.5674122672326016,0.8755776673507596,1.5861231683033503,1.7716733761889347,1.1831578947368422,0.3998555957952319,0.8268368402897551,36.90502478527392,0.0,0.7272900777274477,APP
0.0,-889.405,0.735884561584334,0.0,-883.5699999999999,0.0462384896246743,0.0,62520.72344313253,0.8095648506633462,0.1787829909541863,1.5129,0.80063626254953,1.6212729627213005,1.903266526240302,0.586,0.3982178426691368,0.80523288598173,45.08108285205861,0.0,0.6535874179170915,APP
1.3706773399014778,-914.7975,0.8517083938326078,10.084994198348236,-912.93,0.1851731477108345,0.2660676548363843,66806.47697578321,0.6921058525151568,0.2050772104486568,0.0,0.9006489132275104,1.4447043766506722,1.7421926668226977,1.2300000000000002,0.3592424645908826,1.0017925792327536,29.252245594356083,0.0,0.712316097390291,APP
1.3065420168067226,-899.6850000000001,0.8416589443982697,8.338362068965518,-896.24,0.0822728080102117,0.2359590295397123,64184.3197592216,0.8200432505178724,0.2503539317091134,1.6467024658905998,0.8558255540577742,1.6862633180076845,1.9824828448814569,1.085,0.4032657045144823,0.8412371134020619,37.65021393654493,0.0,0.6503499070182008,APP
0.923,-883.25,0.8696793454223801,9.968690702087288,-885.8325,0.0662660161918821,0.2160964047443681,64417.564853299926,0.8342033217608744,0.2376723944664289,1.677,0.883359379643315,1.6684177274215934,1.904196742933951,1.0717647058823532,0.41925,0.7243478260869566,34.894809152684246,0.0,0.6805865360520722,APP
1.0063333333333333,-905.44,0.8415243174953076,6.838779956427016,-911.0825,0.1736196400994717,0.1635630198536173,65408.04189201856,0.6846968425351664,0.1559267558590502,1.472683146067416,0.875526386325796,1.4168477157390271,1.7129427627071974,0.9122222222222224,0.3606266803943754,0.9146793666662758,32.985528581595666,0.0,0.6883681421252597,APP
1.0063333333333333,-914.05,0.8462366723301835,6.838779956427016,-905.23,0.1654505037162852,0.1635630198536173,66043.94420210618,0.7169763119883212,0.1795416778167077,1.6496745266739854,0.9349591285190844,1.5088095444892176,1.800386823644217,0.9055555555555556,0.3370378351118934,0.9930831355001052,31.85506360696303,0.0,0.7213472958118337,APP
2.984851989730423,-928.2175,0.9394552142151398,18.20662343615185,-927.81,0.1310547793799484,0.4353995019005697,68231.90618035068,0.8327883306199185,0.1818663111943435,1.766631682131943,0.8563550096684945,1.7255939429382643,2.097058295995114,0.4905263157894737,0.4189107669659708,1.1851337500743346,30.37593881817761,13.116830791010456,0.689607012504629,APP
2.9686989324031496,-952.72,1.025833875948552,23.156014838819715,-937.42,0.1973465157554569,0.4438262191375431,69556.93286611472,0.8853572388664539,0.2543638156235023,1.6900958116840032,0.9119976972117052,1.8074410420498448,2.103681724544929,1.332,0.4175332714871579,1.0043774653983493,26.59746984618229,0.0,0.7398365140763378,nonAPP
0.9661945812807882,-934.9,0.8617114863020127,9.452341137123746,-921.31,0.1709768144377011,0.2660676548363843,67358.24503358187,0.8420798992582159,0.2471130304215502,1.6473799999999998,0.8947689010581996,1.7309655408441231,2.27794462210728,1.784230769230769,0.4651722369827471,1.0753012048192772,36.16740771234431,0.0,0.6825057073478664,nonAPP
1.5801416256157634,-928.02,0.9540520740520736,8.689068825910931,-928.02,0.2057850679475896,0.2660676548363843,67815.75002449889,0.8475835166162917,0.1843821307235048,1.7692839721183478,0.8753719005290949,1.7295514343765968,2.090749322096777,1.3992307692307695,0.4352822927085985,1.015212717638153,35.16754107907514,10.70984765305672,0.6989925054000603,nonAPP
2.0974401476251603,-936.67,0.931642655296872,16.732745657246564,-928.02,0.1841018231037139,0.4057448054483308,66795.371239241,0.8482013261534891,0.2388201317119764,1.6454905796423644,0.8915031606769777,1.7486727431686244,2.086430630675806,1.5065789473684208,0.424004584557306,0.9544745636836244,29.94799165205366,12.628163959974549,0.6800473794979606,nonAPP
3.085908696595099,-931.09,0.8321683311438645,23.624083184257607,-912.93,0.1905314649930524,0.4372505000414154,66134.95537456972,0.9789882580568602,0.292782368253951,0.0,0.9688429751322736,1.998371971835264,2.1723878379941377,1.1384615384615384,0.0,0.9726918075422626,29.19679717946019,0.0,0.7283910492369449,nonAPP
0.0,-955.75,0.68,0.0,-934.9,0.0,0.0,64095.1445768972,0.8697788272259646,0.2107580961471984,1.6997164381281769,1.0,1.7470513107442285,2.242940360016433,0.3716666666666666,0.4312123780803975,1.4544444444444444,43.43978969595341,0.0,0.929896694047616,nonAPP
1.712307210031348,-937.195,1.1318412978529244,11.592912705272257,-965.07,0.2189040794172944,0.3385881201110086,68430.34887513357,0.8061559260808433,0.2284067944444295,1.5711358429538138,0.9006489132275104,1.6323066706244624,1.995227890861534,1.2815384615384615,0.397678542694693,1.1446531944575,32.411541384888295,13.99475160563927,0.7472368380442171,nonAPP
11.312285714285718,-1011.23,1.35,139.5,-1049.79,0.4181656600790516,0.528771237954945,81373.062622561,0.0,0.579380164285695,0.0,1.0,0.0,2.4913692886061307,1.82,0.0,1.19,17.40117425519955,18.55,0.8277293767706427,nonAPP
5.031666666666666,-953.86,0.69,48.66666666666666,-950.7,0.0,0.2191953381948281,68530.51224945026,0.8758375122373474,0.4056390622295664,1.5401563664516131,1.0,1.7556281413339003,1.8532216920027968,-0.4066666666666667,0.3773445250566837,1.1432314410480349,24.93332534975969,18.55,0.8710490642551528,nonAPP
5.84243137254902,-965.35,1.141044776119403,47.16306390977444,-993.0525,0.348225372857224,0.5210896782498619,73640.35907392923,0.9018856444651608,0.3333333333333333,1.8023837784803227,1.0,1.8580672261737023,2.378346151954073,1.36,0.4644,1.068222621184919,26.17754638046535,13.116830791010456,0.8795880017344075,nonAPP
0.0,-923.575,1.0138095238095235,0.0,-983.0825,0.1811881477331988,0.0,64388.6523344438,0.0,0.2514629985800606,1.5621,1.0,0.0,2.2581657345934243,0.4,0.0,1.0698231944860652,48.86183731573185,0.0,0.9166666666666666,nonAPP
2.502208333333334,-995.595,0.8690292172584966,21.488377926421407,-969.0025,0.1671411107998992,0.375,74288.64967693955,0.8470700664841126,0.3403508251315998,1.6781447878109663,0.9249572757036588,1.7264772917761475,1.9709424958920447,1.4746153846153849,0.4042702243133504,1.06180396981851,27.440771437890056,12.119810229537425,0.7771146483360875,nonAPP
2.671952380952381,-959.5175,0.9256115779645192,23.55952380952381,-958.95,0.1791303909745737,0.3875854127478025,70615.97879427548,0.9058232385835112,0.3347983891019821,1.873486261073518,0.958424899318874,1.8300138765691032,1.979452920032445,1.6183333333333332,0.4329751458281997,0.9882352941176472,26.183663270107736,12.119810229537425,0.8164800158596313,nonAPP
0.0,-959.345,1.0776223776223774,0.0,-979.96,0.4528562990069185,0.0,73107.08395180371,0.8255,0.3509453429964405,0.0,0.6946795539074095,1.651,1.931513796376476,2.59,0.4225,1.502629172382259,32.50888751613015,0.0,0.7896900821428475,nonAPP
3.354924242424242,-949.9,1.029776744744337,26.50740740740741,-947.9075,0.3956236177558854,0.430827083453526,69567.49845661511,0.9418574705651476,0.3899728733539152,1.6064023255813953,1.0,1.8994118174253949,2.009109725400295,2.051111111111111,0.3996,0.8874719527353147,25.323561052584367,13.116830791010456,0.8605285271744351,nonAPP
0.0,-882.5925,0.92375,0.0,-894.19,0.2107580961471984,0.0,62985.20113371252,0.8320500000000001,0.6554587535412856,0.0,1.0,1.6641,1.6757478749498789,1.92,0.0,0.99875,34.91172248201439,0.0,0.6946795539074095,nonAPP
3.354924242424242,-915.54,1.0150277271398385,20.655555555555555,-950.3925,0.4502154381055716,0.2191953381948281,69687.07161530085,0.0,0.4096910013008056,1.4319000000000002,1.0,0.0,1.9898223466979847,2.353333333333333,0.3996,1.1995853967522745,26.745126055495128,0.0,0.8605285271744351,nonAPP
3.692,-1001.47,1.0137638376383764,66.5,-952.4,0.3109175070825711,0.4643856189774724,72299.45190938599,0.0,0.0,0.0,1.0,0.0,1.7262045634638437,4.05,0.0,1.1850622406639006,22.331735538180528,0.0,0.8277293767706427,nonAPP
0.0,-915.4175,0.9690608875129,0.0,-914.88,0.38625344285713,0.0,65812.50215026851,0.8385,0.3509453429964405,0.0,1.0,1.677,2.1819959611418653,1.7716666666666667,0.0,0.9823885525591636,40.36822369198442,0.0,0.8597933880952316,nonAPP
13.127166666666666,-997.64,1.114485469115046,139.5,-1016.92,0.3552453212757639,0.5283208335737186,76675.76845113916,1.0368,0.4056390622295664,0.0,1.0,2.0736,2.566731721474333,3.17,0.0,1.68,11.81918030687662,35.69,0.7420981285103055,nonAPP
0.0,-905.295,0.9553114186851208,0.0,-914.9325,0.2278096599757277,0.0,63414.41262235815,0.7688324520322325,0.1411817415046077,1.6813125,1.0,1.5384395150167762,1.6191439174837952,0.5222222222222223,0.4401494559602458,1.0344827586206895,37.267249418848,0.0,0.8605285271744351,nonAPP
2.3075,-913.355,1.0029188880426505,26.6,-972.7775,0.4329316468984661,0.375,64279.23778476694,0.0,0.3552453212757639,0.0,1.0,0.0,2.0831200296281853,1.268,0.0,1.1468531468531469,29.55399207134712,12.119810229537425,0.9166666666666666,nonAPP
8.050666666666666,-927.81,0.68,73.0,-944.41,0.0,0.5283208335737186,68033.02433820513,0.9227733668043248,0.5,1.80357180156658,1.0,1.860881948223874,2.304121748823623,0.7433333333333333,0.0,0.68,24.76260229032957,0.0,0.8710490642551528,nonAPP
5.011555555555555,-962.005,1.0005380977103355,43.297979797979785,-945.965,0.2317923267972161,0.5085041588289383,71461.95946945446,0.9288,0.3501577918391069,1.769142857142857,0.9168497986377476,1.8576,2.0669663826794737,1.4683333333333335,0.5184,0.9092645654250238,22.596344123926293,12.119810229537425,0.8164800158596313,nonAPP
2.515833333333333,-915.115,0.69,21.08888888888889,-891.3199999999999,0.0,0.2987468750600963,63692.59559470658,0.8675205646596627,0.2173220112736489,1.7153424730643092,0.8795880017344075,1.7378171082384473,2.119940059013115,-0.4066666666666667,0.4336746479189463,1.05,34.980343211125195,13.116830791010456,0.6745665634070153,nonAPP
2.156428571428572,-931.64,0.9553114186851208,13.272727272727272,-956.5725,0.1929239423369829,0.2719539230041145,71155.44468319522,0.8450000000000001,0.1813191690338727,1.792040201005025,0.7675475452907251,1.6900000000000002,2.034794748274795,0.4272727272727273,0.4225000000000001,1.091285118269558,31.99488473361088,0.0,0.707152513377958,nonAPP
3.692,-966.37,1.1255665024630543,66.5,-952.4,0.3109175070825711,0.4643856189774724,69661.00355864502,0.0,0.579380164285695,0.0,1.0,0.0,2.1037681627381337,2.935,0.0,0.68,22.61743502657766,17.14,1.0,nonAPP
4.508194444444444,-941.3225,1.201063829787234,31.72222222222222,-928.81,0.3111829864372246,0.4822055558760694,67290.37138876555,0.0,0.3509453429964405,1.5738,1.0,0.0,1.9969686245951208,0.9333333333333332,0.4644,1.0370370370370372,28.32690046120768,18.55,0.929896694047616,nonAPP
2.156428571428572,-928.02,0.8671995952441184,13.272727272727272,-931.64,0.1554025801888124,0.2719539230041145,68005.35019617561,0.8450000000000001,0.2561521449303205,0.0,0.75,1.6900000000000002,1.955577289313464,0.94,0.4225,0.9384446878422782,32.626262385325205,0.0,0.7465474197611736,nonAPP
2.0126666666666666,-923.3425,0.8734319526627219,15.642857142857144,-907.88,0.0904451574401931,0.2604593730405679,66265.25351808518,0.7872144143293711,0.1673807011751318,1.8689966308358736,0.958424899318874,1.5744768755630612,1.9995647504868277,0.1233333333333333,0.4439443290885214,1.0867579908675795,35.89456622131457,0.0,0.8847354891422486,nonAPP
3.3175824175824173,-882.75,0.68,21.61558441558441,-924.14,0.0,0.4010507031510862,63502.48907503489,0.84306514634992,0.2733274773317828,1.805794422310757,1.0,1.688345735014218,2.3966173460894438,0.2027272727272727,0.0,0.7701887717577838,36.12503041515976,13.116830791010456,0.849914551407318,nonAPP
2.515833333333333,-927.915,1.0,21.08888888888889,-927.81,0.1154312911837682,0.2987468750600963,64353.769486789286,0.8673468682272581,0.2173220112736489,1.668142309159922,0.8795880017344075,1.7649436072614508,2.1790536506136866,0.2177777777777777,0.4443408966543599,1.0562130177514792,34.19605487971192,0.0,0.796490490941855,nonAPP
7.055948963317384,-965.2975,1.1658692613697452,92.17420814479638,-959.185,0.3693131062155175,0.5307024067771989,72138.5998999488,1.0368,0.4828168035714125,2.0736,1.0,2.0736,2.439979991112036,1.96,0.4427999999999999,1.5529411764705885,17.968519800679218,35.69,0.875048115456911,nonAPP
5.241319444444445,-927.81,1.0119148936170212,32.44444444444444,-914.88,0.15876032857139,0.4822055558760694,67772.0295033396,0.8734640642950884,0.3509453429964405,1.769142857142857,0.8982265179691366,1.748718635714879,1.8198031555679748,0.9083333333333332,0.4443408966543599,0.8680851063829788,27.517382822484,0.0,0.7632300273809492,nonAPP
2.515833333333333,-937.085,1.109090909090909,21.08888888888889,-917.01,0.2278096599757277,0.2987468750600963,68024.63461131636,0.8496355149119241,0.2922852532386289,1.7045233559049695,1.0,1.7391522892003424,2.0208630602260222,1.151111111111111,0.4362731428888889,1.1093847110006214,32.08741536974504,13.116830791010456,0.90701901811629,nonAPP
3.019,-925.86,1.1080882352941177,20.857142857142858,-913.29,0.348225372857224,0.3321928094887362,63592.3120139934,0.0,0.318144667641655,0.0,0.9166666666666666,0.0,2.3365248750138177,1.66,0.0,1.2132352941176472,33.870708581619404,0.0,0.8795880017344075,nonAPP
0.0,-896.24,0.68,0.0,-905.74,0.0,0.0,63038.1821796136,0.75645,0.2922852532386289,1.5588333401630947,0.9397940008672038,1.5129,1.815339300492764,0.991111111111111,0.3892555120079372,0.8958594730238394,43.365805912747206,0.0,0.75,nonAPP
1.2306666666666668,-924.41,1.1589643463497452,14.25,-913.815,0.3165281217066059,0.2604593730405679,68480.16932311222,0.7940249330166729,0.3081027567954394,1.5129,0.9168497986377476,1.6145001841928328,2.0910290128615987,1.7383333333333333,0.4165981323852463,1.1111111111111112,38.938117925934,12.119810229537425,0.7336391504114534,nonAPP
3.1410101010101013,-927.81,1.0982864307606577,22.065359477124183,-950.99,0.2957426782960523,0.430827083453526,69393.15702884564,0.8371756019514536,0.3118890622295664,1.6758577663873102,0.8319548827786958,1.7177167743993456,2.200515571467057,1.5680000000000005,0.4004116651978764,1.05,34.28034430622513,9.895783761368852,0.7020392990166391,nonAPP
8.87415873015873,-959.08,1.35,75.23333333333333,-928.81,0.15876032857139,0.4711093925305278,68260.43645413348,0.8660803356265565,0.3074497498641964,1.8319572192513367,0.7580392711198944,1.7757370000739314,2.221527926897392,0.6066666666666667,0.430995646380042,0.0,20.572596532656764,0.0,0.7632300273809492,nonAPP
2.4223948893572183,-936.93,0.8754004058167737,20.642666632798207,-943.1425,0.1844607941940295,0.4400503052452077,68175.69944818472,0.8480753592929378,0.2591484902820405,1.6405527449322432,0.8959243913606307,1.7137674702131118,2.069939363016639,1.962162162162162,0.4052279503234705,0.8016665220778532,27.810836605184047,8.295812258332838,0.7011155930189857,nonAPP
2.176853324773963,-925.21,0.9098803339464216,15.298821346720509,-932.93,0.1732482375515817,0.4168094437963553,66419.23921842616,0.884495332414429,0.227175641189071,1.6907038556123506,0.946012988795307,1.8377464005054611,2.165078544710523,1.5205882352941174,0.3878515575373759,1.0062345050688175,29.87452077809137,13.231139432530773,0.6583518560543744,nonAPP
2.147752968082602,-925.3675,0.8603835931711531,16.198159565452265,-927.81,0.1388607616098948,0.4045614128763141,67352.96067795841,0.8437689835804001,0.2147034164961486,1.7941813090624332,0.8686529700908442,1.7470417593314014,1.986178263116256,1.0653846153846154,0.4215563127619152,0.8913709630540032,31.092892852153437,7.573005900951238,0.6398163291931106,nonAPP
1.6103720345786052,-915.09,0.862012174998466,11.525808634507086,-927.9675,0.1267449148465335,0.3407797416202101,66432.45749549699,0.8091135572296634,0.1571341999338807,1.695502743357134,0.9049835051718864,1.7037445231159516,2.1070680427529065,0.8462650602409638,0.4020254847273563,0.9983436868278602,34.11751181496676,8.74455389324964,0.6297155844742103,nonAPP
0.636551724137931,-929.175,0.8281710425499021,6.472527472527473,-926.07,0.1421773893896967,0.1675165860388817,66582.98523783858,0.8450000000000001,0.1607197869898936,1.599,0.890950412962958,1.6900000000000002,2.1330505681304,0.6246153846153846,0.414472553928195,1.0545243669937512,36.76047949855106,0.0,0.7337493665191627,nonAPP
2.881406154115894,-952.4,0.9083969344840142,27.834179969709098,-952.24,0.2147878873761168,0.4694339833632102,68164.30958004373,0.7871499355174574,0.3010481629888296,0.0,0.9577819531114784,1.614019066152958,2.1149988147579024,1.8545161290322576,0.3794793816447361,0.9717056891871968,24.83407753761217,12.119810229537425,0.7622794287363119,nonAPP
0.0,-913.41,0.7707213272513816,0.0,-901.92,0.1421773893896967,0.0,63250.11235999948,0.80183519475693,0.2427341114633688,1.659915678705452,0.9221074378306844,1.6277996179655725,1.81591933018534,1.37,0.4117679859172873,0.9910028355885162,41.36440169297793,0.0,0.6778562518137274,nonAPP
1.4713995225957843,-933.43,0.9421044403119148,9.874516671973796,-952.995,0.1961729045802153,0.3144937835124815,69475.13485034398,0.8415389155747991,0.2147034164961486,1.759948640070627,0.9407075143233056,1.7754011223934745,2.0023255156329536,1.467884615384615,0.4040245598792542,1.1204964090274747,29.965047086391817,0.0,0.7054837517558471,nonAPP
1.8419275023756727,-963.12,0.9225457787655936,14.52648540252078,-938.96,0.189770195054566,0.3701980377720391,67891.84096838882,0.8230002036160243,0.2338577392177502,1.713619133669944,0.8854627572864746,1.6712163931434112,2.1974885441167484,1.6926315789473687,0.0,1.1585129280289004,30.469067745330968,8.57,0.7210037551992314,nonAPP
3.8644658553076416,-952.255,1.071000563554498,32.260065490253844,-931.64,0.1851731477108345,0.4949787072927509,70333.9971168748,0.8504276881090207,0.2746234401727876,1.8048076747094648,0.8628339984565632,1.7508387633857383,2.140691360175902,1.2699999999999998,0.4288350387852931,0.9133898208498904,24.959518331224963,0.0,0.7311618861975635,nonAPP
3.844214285714285,-942.02,0.906211826704248,27.115403802903288,-934.1025,0.1375090384075377,0.4762269474292387,69198.52494955432,0.7862666324891368,0.2956478546640365,1.6910028676617823,0.9119976972117052,1.680007251191351,2.059761290929281,0.6592,0.4142843789724701,0.803748428408526,27.71737020682452,13.116830791010456,0.74760275065227,nonAPP
2.3933987441130293,-913.58,0.9064810862269824,13.932241671372104,-913.3575,0.1645012796442606,0.359478140471531,64720.23216850638,0.8116086648892524,0.2002842627197176,1.7276833949884836,0.9454739270036172,1.6415758758018515,2.088999603758707,0.5147826086956522,0.4602100184537707,1.0434782608695652,34.56783665231041,10.70984765305672,0.7585350702531447,nonAPP
2.272760532150776,-938.96,0.9865926844278838,16.405522001725625,-931.64,0.2509556191978674,0.3919730615340192,69322.21124995382,0.7869,0.2856358943720034,1.872,0.8987154886667355,1.5738,2.0617332132206583,1.8473684210526315,0.0,1.073243479728356,28.506632046050115,9.895783761368852,0.7961419779840223,nonAPP
3.3556128722801204,-951.76,1.071000563554498,25.889851764556862,-945.56,0.1414159860330857,0.2692396719750528,69690.65320557848,0.84005586877775,0.2515517595791307,1.6968702110910765,0.952960377677298,1.7175453693506484,2.0906712180975937,1.0474285714285714,0.3912382815360113,1.0032317590701552,25.152640844005507,11.294973302360516,0.7342624236252397,nonAPP
0.9661945812807882,-928.925,0.9356808793095864,9.452341137123746,-917.03,0.2189040794172944,0.2660676548363843,65099.69077961244,0.7869,0.2084331247347667,1.6393749999999998,0.9162274256613736,1.5738,1.8410139830559933,1.5307692307692309,0.3975030016338568,1.085707721181424,31.32541064691392,9.895783761368852,0.7507165367529147,nonAPP
3.366855795148248,-945.68,0.9742309892720036,31.47808804080861,-952.4375,0.1471848168019623,0.4762269474292387,69003.87912715836,0.8635743201169577,0.2350399119171088,1.6939322866893571,0.9018095137446016,1.774962471494038,2.1856774616983783,1.5772,0.4340914935315283,0.8410994764397907,26.54099824503239,13.116830791010456,0.7249783285280157,nonAPP
0.7944736842105263,-905.54,0.8883534663865547,5.260980810234542,-899.7974999999999,0.0667127788960116,0.1381033556169364,62705.92048479679,0.798148228772309,0.1124429268512646,1.5995360883795358,0.9247786208155058,1.627587658221566,1.896784050599288,0.29,0.390247973379641,1.0512453478385342,39.57662398605652,0.0,0.7017171199438437,nonAPP
2.919812973473879,-978.01,1.0392648372761506,27.598523153942413,-966.6475,0.1940926988079977,0.4805734056502339,73069.58757972832,0.833101141104176,0.2586041705591415,1.721490135906044,0.8134275281446041,1.6952878998787873,2.059400859044221,1.9646808510638287,0.4250897748086517,1.1115008834519136,23.43373317799476,15.912369115860312,0.6114403457324052,nonAPP
2.451325071225071,-929.435,0.9147030538811882,14.753418803418803,-931.49,0.1584337640877522,0.1970550948314252,67205.78186267865,0.8158641379298797,0.27126633145604,1.701760109196383,0.9483188130311928,1.6367662208420062,2.002975012604513,1.409166666666667,0.4222649995474637,0.9460266845573956,31.27744727182767,9.895783761368852,0.7420243870808997,nonAPP
1.8117965367965367,-913.84,0.945893048128342,11.84007406576142,-957.5275,0.0598204010323053,0.3144937835124815,65131.56040965813,0.8303070719108585,0.2640380642216692,1.6352719164678986,0.8843108934201204,1.6679386746539862,2.1820721408647006,0.5326315789473685,0.4139128205917631,0.8869527484355124,36.11960423032544,0.0,0.7807529906804596,nonAPP
3.085086923658352,-930.985,0.9152026736908913,20.25094966761633,-939.615,0.1584337640877522,0.450548038384464,69548.91961550362,0.8763464562644099,0.2779079239673528,1.8339894909899408,0.8966376260623857,1.777278266813701,1.8472114651114568,0.97,0.4391569658604362,1.0248190897673584,26.84872294874402,10.70984765305672,0.7954178142857101,nonAPP
1.5801416256157634,-916.8525,0.8875651508912289,8.689068825910931,-918.71,0.0887234366309121,0.0959835968976137,65666.66278327246,0.8695389439248065,0.205898282979684,1.7863695652173914,0.9376859502645474,1.7460799530369742,2.005545967925261,0.6176923076923078,0.4604101097680101,0.9783387347709428,34.896093319747884,10.70984765305672,0.7479456997922962,nonAPP
3.9822414634146335,-959.29,1.0481706929945338,29.158392711569,-943.79,0.151961645211768,0.4964936365196881,70800.81643471748,0.8379112817443003,0.2346153043345108,1.742585898271973,0.8725824720816092,1.776654778669183,2.0942256216563147,0.8176315789473685,0.4247267353164393,1.03736014560927,25.56057612315651,13.116830791010456,0.6930436362239695,nonAPP
2.276054324028462,-951.92,0.948490359071934,20.769140105572795,-927.81,0.1183265527298116,0.3942042751900099,68807.68769932358,0.8558490723940414,0.2842641628300134,1.6819395961064192,0.9006489132275104,1.769955669290428,2.125606853800834,1.2365384615384616,0.4248726382288244,0.9844244302655046,29.286509851139357,0.0,0.7062489183599943,nonAPP
1.324609195402299,-946.36,0.8718104078172365,8.221727074668252,-943.83,0.1790368401889856,0.0928999619808534,68368.74595343745,0.7869,0.2010707859561112,1.7425669672764752,0.9257090722583896,1.5738,1.9398301523040824,1.1414814814814815,0.3987414330648007,1.1104156332821713,31.735974472926912,13.116830791010456,0.7562998244887618,nonAPP
1.9217714957456336,-926.5625,1.141044776119403,13.77185579839776,-930.34,0.1183265527298116,0.3385881201110086,65229.5719151372,0.8832913000169054,0.1735015301566079,1.7083136416800504,0.8850704007936472,1.8428348061706503,2.026106304052995,0.5061538461538462,0.4250622180626969,1.1225554106910038,33.717562653483185,9.895783761368852,0.7318707479456424,nonAPP
3.600945054945054,-933.885,0.9108595869268328,32.51808804080861,-938.96,0.1226508528592156,0.4762269474292387,68239.71408053269,0.8311472514623324,0.3218092005271537,1.7771809286475069,0.918174594787168,1.7478177752145725,2.087719633302712,1.4643999999999997,0.4226559627426866,0.7692748163495949,24.85516239532525,13.116830791010456,0.7361945871032699,nonAPP
2.155843547224225,-915.88,0.8642538060032968,15.586033638492658,-932.065,0.1675911983462004,0.3849999234942398,66721.97900090826,0.8456419103961823,0.2420981285103055,1.746024759284732,0.9422144663652277,1.708048073535288,1.9904165745502185,1.4131428571428573,0.4173750063477626,0.9804481586064396,30.84971365557895,10.840287899823643,0.7303474994699604,nonAPP
2.643706315642718,-940.26,1.042508804219803,15.503526657236236,-963.12,0.263576278330741,0.4372505000414154,70294.33569396447,0.9171252621436026,0.2466999837585296,1.599,0.9532644626984106,1.848000970817273,2.1257103660061007,1.2899999999999996,0.4419350293456655,1.129818334500242,29.307239898279985,0.0,0.7656217317741272,nonAPP
3.3420397897897893,-926.51,0.9994796432903176,19.579673204537144,-928.06,0.1557165894568567,0.2575424759098898,66895.99080898844,0.8366925201119528,0.2368040292457283,1.7329145482560464,0.946069499893992,1.7454491530052887,2.078286731151057,0.9778378378378378,0.4270157067137532,1.0320787235225442,29.38366990763768,14.368768321485184,0.7045532565067838,nonAPP
2.276054324028462,-913.8925,0.86507977885948,20.42949672501588,-940.27,0.1475357066719146,0.3942042751900099,65790.9829862198,0.8473911297397373,0.2349361561203359,1.662494890510949,0.9688429751322736,1.782787224973029,2.088106776833369,0.6292307692307693,0.4179446451772529,1.0290298573777046,29.943812666589587,14.58174794060904,0.776338366338563,nonAPP
1.0410344827586206,-917.625,0.9047951571480984,7.1051805337519625,-918.71,0.1183265527298116,0.1675165860388817,65514.05667763054,0.7952628337710925,0.2284067944444295,1.7034859252104468,0.9221074378306844,1.6343187822662757,1.8898225745519937,0.8653846153846154,0.4317888275648077,0.9656813706582404,33.8802336627228,0.0,0.7851763823294785,nonAPP
2.893208333333334,-907.225,0.9047951571480984,22.180769230769236,-927.8625,0.2170981822525907,0.375,62937.16166896263,0.9074743696118152,0.3319388918962529,1.586,0.9624786378518296,1.8158630341181616,2.0420099158338925,1.3115384615384615,0.4392,1.021702838063439,31.63013816186563,13.116830791010456,0.84375,nonAPP
2.718256704980844,-914.1,0.8416589443982697,18.390384615384622,-914.88,0.0987719021744603,0.3942042751900099,66207.27877648867,0.8493236444753711,0.2284067944444295,1.860183588317107,0.8480333637566102,1.70834298823912,1.89289026118877,1.001923076923077,0.4656055662982649,0.9306303518251148,26.99714614396805,10.70984765305672,0.6858020494175445,nonAPP
2.0910822510822515,-913.2,0.9047951571480984,14.527960526315788,-922.855,0.1569388022684354,0.3144937835124815,64780.92426794855,0.8277706677465464,0.3092755021764246,1.7650093457943925,1.0,1.6677414970116011,1.958366260208689,1.236315789473684,0.41925,1.2634013457958455,29.86962473914601,10.70984765305672,0.8011387928820574,nonAPP
2.4068408521303253,-952.4,0.8737301167326842,18.609953703703702,-924.735,0.19814053511506,0.3875854127478025,68710.89993251461,0.9357733759062752,0.2072483799745176,1.7761272247982267,0.9052427574224402,1.954328057207332,1.976199565152438,1.3388888888888888,0.5347636472515038,1.0604437643458302,28.13250402102645,0.0,0.734933632284534,nonAPP
1.7321541501976283,-929.02,1.026193862560338,13.343322734499203,-928.02,0.2672016034761765,0.3063966918310445,68089.90188227434,0.8581070150509142,0.2654143450036794,1.674919589489117,0.9566342383434376,1.720065653167015,2.027117916051871,1.439,0.4225,1.1155523728923895,31.28168764578904,0.0,0.7860029741973945,nonAPP
6.267437275985665,-959.08,1.0292995545370276,50.03148148148148,-961.9525,0.1473334522021991,0.5283208335737186,71065.78942136391,1.0422250911560758,0.3549341794508707,2.0262377739130435,0.8632048827786958,2.0845341632088927,2.379504425133959,0.4226666666666666,0.4889155112843232,1.120052034937744,22.48214043811332,10.70984765305672,0.6854507712799176,nonAPP
1.3706773399014778,-904.7925,0.8222805316912629,10.084994198348236,-900.91,0.1851731477108345,0.2660676548363843,65550.94280348667,0.8409556975020243,0.2471130304215502,1.753047973305618,0.9532644626984106,1.7007113635854898,1.847579297449216,1.2130769230769234,0.3966200153221988,0.9078399192021208,33.191204453340546,9.895783761368852,0.7460670812187759,nonAPP
1.889952380952381,-928.355,0.9541100776278062,17.903846153846153,-896.39,0.145002654333265,0.3875854127478025,67104.70869715529,0.8221558283787214,0.3501577918391069,1.6567707798629316,0.8336995972754956,1.6584280829334124,1.88583555056552,1.653333333333333,0.4056121232830312,0.68,30.00480870733613,0.0,0.6799690692943963,nonAPP
3.0266050824175825,-960.5500000000002,0.9173040080628684,21.962738684582742,-962.18,0.1333788194567054,0.4361692313526532,71143.02520908407,0.827465130576803,0.2784927038661234,1.735035579987727,0.9158982398670348,1.7367656523805004,2.1481048619478,1.07,0.416848171474425,1.0201619304651532,28.375137422664373,8.57,0.7041111632768733,nonAPP
2.493135492859631,-946.2025,0.8985500228580158,15.814112109631267,-915.09,0.1851731477108345,0.3942042751900099,67428.92734764365,0.8584816888036673,0.2636868674602939,1.68359470952923,0.9688429751322736,1.7833617561452333,2.0516414417901148,1.2476923076923077,0.4425550871003018,0.941804798406066,29.168102409893432,0.0,0.7399999021884789,nonAPP
1.9217714957456336,-929.7675,1.1655264270613106,15.341409963034678,-915.88,0.24695517251135,0.3385881201110086,66448.64740143435,0.7472537347127508,0.2728206139445833,1.622135668887816,0.8850704007936472,1.4945199184071671,2.282735705650667,1.9169230769230767,0.37664525117891,1.2598772846800637,33.0408497861161,0.0,0.7131888386731937,nonAPP
4.510717501626546,-926.9925,0.8497806749237619,31.51988011988011,-952.4,0.1709768144377011,0.5125464814145027,69056.01650231538,0.9201082229454904,0.2562283174491171,2.0736,0.9006489132275104,1.840493831172437,2.0544258403622093,1.000769230769231,0.4943590238604451,0.9787162183911404,24.42537745485348,10.70984765305672,0.6974109023690788,nonAPP
0.8390909090909091,-963.12,0.9994514252231064,8.9,-946.075,0.3007327472018279,0.2027014372107862,69567.0194618766,0.8385,0.2039115135379551,1.677,0.8611730721041445,1.677,1.9730110006709096,1.782105263157895,0.0,1.1233062390483224,32.52198836832303,0.0,0.7603671884788619,nonAPP
2.043958658008658,-928.02,0.8878116706987759,14.46212116470338,-929.35,0.1661397343245957,0.1685644431995964,69296.81864083071,0.8802081115161138,0.2069811019983187,1.7301977225901628,0.929796848053294,1.822732800861124,1.9502205516719373,1.3527027027027023,0.4682069643752451,1.0296581398991949,31.540119866325423,11.732050206635272,0.6910215793125563,nonAPP
2.1492232339089483,-965.35,0.8927925335330407,13.744416996047429,-946.9975,0.1323076518200868,0.359478140471531,71292.65458697002,0.8063997815822823,0.2448456161253357,1.7106919949386192,1.0,1.650295119682052,2.089374713885018,0.7486956521739131,0.4540152352444846,1.1000451016849633,34.15803410985026,10.70984765305672,0.781077048871174,nonAPP
2.860787484473887,-915.13,0.9310450466667471,20.017836096487784,-928.81,0.161732039945048,0.4372505000414154,67674.0535148419,0.8362478443488841,0.2471130304215502,1.7145086215950764,0.9844214875661368,1.719085623987913,2.119489817336177,0.9423076923076924,0.429156759080026,0.9810387469084914,28.53078929918361,10.70984765305672,0.798663853854533,nonAPP
0.9661945812807882,-913.0925,0.954607822602606,11.587912087912088,-926.72,0.2817120336304525,0.2660676548363843,64799.3258037373,0.0,0.2842641628300134,1.599,0.9473844505290998,0.0,1.959006635756926,1.9496153846153843,0.0,1.1172805732980216,31.245039211623745,0.0,0.7709800490563451,nonAPP
2.2165134086934457,-928.02,1.0821786143372047,14.6064329945942,-951.76,0.1656729107140668,0.390206117667782,68481.8045037847,0.8334853957627939,0.1682731418241589,1.6815934992853103,0.8690444931489553,1.6875468256282775,2.1123023764949904,0.8400000000000002,0.4249691130973975,1.1296948226510064,32.53964502313886,13.116830791010456,0.6516964646310374,nonAPP
2.0665900383141764,-935.915,0.8876534945911458,18.09598043152861,-938.96,0.1421773893896967,0.3942042751900099,67989.01713980726,0.8668922981676188,0.2471130304215502,1.7090250314944042,0.9532644626984106,1.790892150587324,2.058047777345648,1.2788461538461535,0.4433522735058107,0.8439716312056738,29.046786114930228,19.791567522737704,0.7479456997922962,nonAPP
2.554378126617216,-953.86,0.929063100881885,21.33423560320511,-949.3675,0.164000612706234,0.4416177071522089,69990.62680291459,0.8479396705104676,0.2543564443199597,1.7707988792139542,0.9625,1.740199963389589,2.0267777614550906,1.5451612903225806,0.4589175970434019,0.9844193724734212,25.34035644834474,0.0,0.7643868467973436,nonAPP
2.0665900383141764,-929.675,0.980725242081872,17.38553767660911,-934.9,0.2361146802068681,0.3942042751900099,68999.32807487875,0.8723776399704577,0.2365267568671158,1.871407876008224,0.9376859502645474,1.766011033831368,2.070941813689394,1.5319230769230772,0.439272890008829,1.0195145168967157,29.0427108062584,0.0,0.7541962354616124,nonAPP
3.1410101010101013,-962.91,0.9494355867220956,31.79869281045752,-951.9075,0.2192324413794039,0.430827083453526,70843.75767328867,0.8810606765133386,0.3514097655573915,1.6184114539894356,1.0,1.7864930062795548,2.097589562735595,1.162,0.409575,1.0798964945731793,25.111797851207758,14.58174794060904,0.8934166815252749,nonAPP
1.8419275023756727,-921.0375,0.947478337110484,15.89156204379562,-927.81,0.151961645211768,0.3701980377720391,65429.4290664812,0.8496523815287157,0.1984163762450589,1.778747687132044,0.9611896698426932,1.7368579980723915,1.9429076000600027,0.9394736842105262,0.4673632826166372,1.159485087262211,27.64121852319601,8.57,0.7551919896484893,nonAPP
3.8644658553076416,-943.3025,0.9081467816250544,30.21897755045478,-931.64,0.1709768144377011,0.4949787072927509,69695.05882982982,0.8390887971761121,0.292782368253951,1.754341710427607,0.9221074378306844,1.6924547850959208,2.2221012109476166,1.3438461538461537,0.4328405118603697,0.9375495731177396,26.627639539397872,9.895783761368852,0.7283910492369448,nonAPP
3.479946795140344,-946.3075,1.06263028280169,25.25806025369979,-959.185,0.2557791393494002,0.4866932610159923,71346.9285443432,0.8364929844188048,0.2796904840949196,1.7105672637910827,0.8347413929481613,1.717877296185316,2.088302068055828,2.020625,0.4079927986900223,1.11267068426272,28.56845878327598,12.119810229537425,0.6286251523552991,nonAPP
3.8644658553076416,-959.1325,0.9206891293384264,33.759632447664586,-952.4,0.1851731477108345,0.4949787072927509,70988.58605454015,0.888984587476091,0.3167487524227076,1.8620163207607792,0.9221074378306844,1.856784716427068,2.06007053605216,1.4496153846153843,0.4354425331441224,0.9085211319445174,21.92394905760208,25.91198024100424,0.7081275369335145,nonAPP
3.1882374686716792,-961.31,0.9641115087657668,31.79705882352942,-967.37,0.2627820518384379,0.4556795091007162,69946.67777679749,0.9795602311724272,0.3463699609650764,1.872,0.8667475589334347,1.965807750326261,2.0505770325770247,1.88,0.4392,0.8662712321380426,24.71848670642117,25.23664102054788,0.7002180789250517,nonAPP
